age,income,city,tenure_months,churn
22,65989.7,Mumbai,38,yes
58,52355.73,Pune,21,yes
52,47620.48,Delhi,1,yes
40,34465.19,Delhi,8,yes
40,24879.76,Mumbai,18,yes
62,42705.38,Mumbai,3,yes
22,,Pune,30,no
54,76518.95,Mumbai,46,yes
28,51954.12,Pune,57,no
22,64741.09,Mumbai,29,no
45,42510.57,Delhi,52,no
68,32225.84,Delhi,59,no
56,35523.25,Pune,51,no
57,39121.61,Delhi,28,no
55,81927.05,Pune,20,no
58,37679.2,Delhi,58,no
44,62577.34,Delhi,15,yes
24,36456.09,Delhi,25,no
61,63973.6,Mumbai,5,yes
41,55774.26,Mumbai,47,no
44,47650.43,Pune,39,no
37,49388.56,Mumbai,6,yes
27,40178.18,Mumbai,14,yes
66,56691.08,Mumbai,33,no
58,43175.25,Pune,32,no
51,31615.91,Mumbai,48,no
38,30830.94,Delhi,16,yes
60,52588.82,Mumbai,55,yes
46,73686.37,Pune,27,no
41,52399.87,Delhi,49,yes
41,48220.43,Pune,15,yes
29,54287.39,Mumbai,3,yes
22,69590.03,Mumbai,4,yes
46,53290.74,Delhi,22,no
64,43836.09,Pune,57,no
21,66594.33,Delhi,3,yes
62,56431.35,Delhi,22,no
61,73036.34,Mumbai,7,yes
32,52748.52,Mumbai,55,yes
50,31632.96,Mumbai,40,no
26,29477.61,Delhi,45,no
57,74763.92,Delhi,43,no
54,75854.99,Delhi,39,no
36,47307.21,Mumbai,46,yes
21,44252.19,Mumbai,1,yes
68,71921.66,Mumbai,52,no
41,33394.31,Mumbai,44,no
64,36579.09,Pune,44,yes
53,59649.9,Mumbai,24,no
58,44080.92,Mumbai,48,no
57,49923.17,Mumbai,23,no
28,47548.36,Mumbai,3,yes
36,,Mumbai,54,no
42,71112.23,Delhi,14,yes
43,51358.77,Delhi,7,yes
20,59659.08,Pune,37,no
46,19247.42,Mumbai,14,yes
26,49269.22,Mumbai,51,no
56,37351.55,Delhi,27,yes
53,31717.8,Mumbai,1,yes
65,36827.71,Mumbai,57,no
56,44988.15,Mumbai,31,no
37,63738.54,Mumbai,16,yes
68,30104.11,Mumbai,40,no
39,50459.47,Pune,32,no
34,42737.46,Mumbai,2,yes
65,45084.9,Pune,45,no
37,65041.37,Pune,24,no
21,58071.73,Mumbai,42,no
42,70060.97,Pune,53,no
59,47682.41,Delhi,37,no
27,39560.86,Pune,40,no
42,46642.12,Pune,16,yes
24,53637.45,Mumbai,15,yes
53,52648.6,Pune,25,no
42,33734.18,Mumbai,51,no
35,51357.35,Delhi,31,no
29,53423.42,Pune,21,yes
47,87762.11,Delhi,46,no
52,78152.67,Delhi,51,no
66,37201.35,Mumbai,54,no
40,45689.25,Pune,18,yes
26,28048.37,Mumbai,42,no
61,41139.39,Mumbai,35,no
50,54734.08,Delhi,27,no
54,68087.8,Delhi,24,no
23,39063.74,Delhi,7,yes
34,40187.8,Delhi,17,yes
57,17790.66,Pune,33,no
61,47560.01,Pune,53,no
40,34063.78,Pune,52,no
59,42058.41,Delhi,12,yes
61,36847.09,Delhi,41,no
38,48586.06,Delhi,6,yes
64,23634.07,Mumbai,40,no
32,27994.32,Mumbai,21,no
30,81938.71,Mumbai,27,no
53,30688.66,Delhi,43,yes
51,33548.22,Pune,26,no
25,77553.7,Delhi,48,no
61,93576.01,Delhi,32,no
28,32426.5,Pune,59,yes
59,44476.27,Pune,38,no
18,55123.33,Delhi,18,yes
59,75930.46,Mumbai,46,yes
58,35197.14,Pune,25,no
58,46320.83,Pune,32,no
52,,Pune,9,yes
42,56521.49,Mumbai,8,yes
54,44357.66,Mumbai,34,no
32,47992.66,Pune,12,yes
58,29376.56,Delhi,59,no
46,46427.39,Delhi,51,no
41,46004.19,Mumbai,42,no
44,53482.55,Pune,44,no
47,41670.09,Delhi,36,no
19,,Mumbai,4,yes
25,65190.74,Mumbai,24,no
30,52331.44,Mumbai,30,no
23,55276.35,Pune,55,no
40,50797.33,Delhi,13,yes
52,50001.27,Pune,30,no
52,39176.63,Mumbai,21,no
42,54747.41,Pune,8,yes
62,48540.7,Mumbai,7,yes
47,,Delhi,22,no
22,73600.32,Pune,5,yes
57,55787.7,Pune,4,yes
47,38554.14,Delhi,21,no
51,33313.83,Pune,12,yes
47,67867.14,Pune,33,no
46,,Mumbai,2,yes
22,57202.15,Pune,18,yes
47,23831.21,Mumbai,27,no
59,63911.58,Mumbai,57,no
33,56816.31,Delhi,38,yes
49,33343.54,Pune,52,no
19,42927.13,Delhi,21,no
36,53955.76,Pune,27,no
40,50787.0,Mumbai,25,no
69,45617.43,Mumbai,53,yes
29,48447.68,Delhi,57,no
32,46220.34,Pune,57,no
39,52288.44,Delhi,45,no
69,72072.38,Mumbai,30,no
62,11500.12,Pune,32,no
19,46447.25,Pune,58,no
30,52647.69,Pune,17,yes
60,54439.91,Pune,21,no
21,44421.28,Mumbai,53,yes
62,23649.17,Delhi,23,yes
32,54919.93,Pune,14,yes
65,75910.25,Pune,34,no
33,26992.08,Pune,20,yes
40,62957.42,Mumbai,53,no
52,45072.12,Delhi,54,no
24,,Mumbai,19,yes
46,34206.52,Mumbai,32,no
44,44983.16,Pune,59,no
58,69500.67,Mumbai,44,no
69,58739.83,Delhi,13,yes
52,75984.67,Delhi,35,no
39,67661.18,Pune,37,no
39,56586.3,Pune,39,no
39,76159.02,Delhi,2,yes
60,56584.9,Mumbai,18,yes
34,62419.82,Mumbai,51,no
26,45551.44,Mumbai,15,yes
35,50998.19,Pune,18,yes
19,39538.64,Delhi,20,no
23,64843.76,Delhi,11,yes
22,32325.45,Delhi,10,yes
58,61735.26,Delhi,21,yes
55,47140.23,Pune,52,no
54,67568.71,Pune,1,yes
42,61263.03,Delhi,17,yes
55,77309.69,Mumbai,4,yes
26,60961.62,Delhi,34,no
64,26419.4,Delhi,15,yes
44,48995.7,Delhi,47,no
66,,Delhi,35,no
25,42225.8,Mumbai,47,no
43,72668.43,Pune,38,no
54,59563.01,Mumbai,26,no
43,39516.04,Pune,51,no
41,34794.24,Mumbai,29,no
26,50491.73,Delhi,57,no
37,31751.6,Delhi,59,no
30,39932.9,Delhi,35,no
33,54680.14,Delhi,40,no
53,67329.68,Pune,16,yes
50,59131.42,Pune,49,no
49,15630.66,Pune,40,no
36,54565.5,Mumbai,54,no
67,51080.5,Mumbai,16,yes
22,56208.35,Mumbai,47,yes
35,,Mumbai,28,yes
24,19051.43,Pune,11,yes
35,41133.45,Pune,11,yes
68,58863.59,Pune,34,no
37,26276.08,Mumbai,19,yes
65,72139.24,Delhi,7,yes
43,55525.35,Pune,26,no
54,62698.76,Mumbai,39,no
41,,Pune,19,yes
31,62206.46,Mumbai,57,yes
57,66027.07,Pune,46,no
68,53493.17,Mumbai,31,no
31,53516.01,Pune,56,no
58,54055.15,Pune,26,no
31,37049.82,Delhi,9,yes
55,47787.07,Mumbai,3,yes
59,47712.16,Mumbai,56,no
41,55750.91,Pune,57,no
56,64997.36,Pune,44,no
32,34121.96,Pune,7,yes
22,48124.86,Mumbai,18,yes
23,72221.83,Mumbai,3,yes
41,38846.18,Mumbai,4,yes
64,37666.25,Pune,15,yes
24,53034.59,Delhi,34,yes
41,62665.78,Mumbai,4,yes
54,50171.39,Delhi,59,no
28,69934.41,Pune,27,no
55,62851.91,Mumbai,16,yes
33,62627.3,Mumbai,31,no
60,58311.75,Mumbai,47,no
48,84914.8,Mumbai,19,yes
46,46922.57,Pune,3,yes
27,19947.17,Mumbai,4,yes
42,74063.82,Mumbai,51,yes
62,43134.51,Delhi,7,yes
19,51618.21,Delhi,38,no
57,69643.26,Mumbai,23,yes
43,25966.11,Pune,46,no
55,31225.29,Pune,4,yes
52,25980.83,Mumbai,53,no
40,38087.96,Mumbai,42,no
34,56594.55,Mumbai,27,no
50,57862.82,Delhi,13,yes
25,54144.11,Delhi,58,no
48,28808.51,Mumbai,18,yes
22,15348.45,Delhi,29,no
51,50815.3,Delhi,24,no
50,42923.36,Delhi,14,yes
22,56890.79,Delhi,25,no
57,60529.3,Mumbai,9,yes
39,52073.62,Pune,1,yes
58,61402.0,Pune,18,yes
20,53438.17,Mumbai,7,yes
27,57950.97,Mumbai,25,no
43,39429.9,Delhi,51,yes
27,47305.83,Delhi,10,yes
35,52951.64,Mumbai,1,yes
52,,Mumbai,7,yes
25,44093.88,Delhi,30,no
53,,Mumbai,17,yes
23,46012.42,Delhi,29,no
27,48236.87,Delhi,2,yes
48,62442.79,Pune,20,no
59,20104.09,Mumbai,25,no
26,30552.92,Mumbai,26,no
33,27767.22,Pune,33,no
66,14995.76,Pune,47,no
69,39826.03,Pune,28,no
48,61241.51,Mumbai,50,no
41,45726.74,Pune,32,no
36,52966.85,Mumbai,16,yes
49,66338.26,Pune,14,yes
48,69915.29,Pune,20,no
33,48962.93,Mumbai,36,no
19,70303.79,Pune,15,yes
25,51381.9,Mumbai,54,yes
67,37439.03,Pune,29,yes
39,41083.99,Delhi,51,no
43,27791.95,Pune,41,no
42,36677.99,Mumbai,20,no
58,44629.75,Pune,14,yes
21,62053.78,Mumbai,44,no
22,,Pune,20,no
32,29267.28,Delhi,15,yes
43,55892.41,Delhi,55,no
52,,Mumbai,29,no
43,57120.46,Pune,3,yes
40,48033.7,Pune,30,yes
66,22536.41,Mumbai,28,no
26,63924.45,Mumbai,51,yes
47,40924.99,Mumbai,42,no
46,41991.5,Pune,12,yes
42,,Mumbai,9,yes
59,40185.75,Mumbai,36,no
31,56418.36,Pune,3,yes
67,47161.33,Delhi,19,yes
35,54929.93,Pune,9,yes
46,55428.83,Delhi,2,yes
45,69809.92,Delhi,55,no
62,44858.21,Pune,6,yes
40,27847.13,Pune,1,yes
32,66008.34,Pune,56,no
19,45027.68,Pune,12,yes
22,65989.7,Mumbai,38,yes
58,52355.73,Pune,21,yes
52,47620.48,Delhi,1,yes
40,34465.19,Delhi,8,yes
40,24879.76,Mumbai,18,yes
